Customer ID,Total
250,4755.87
251,24103.97
252,566.09
253,26005.1
254,39000.59
255,35065.189999999995
256,86156.37
257,17921.019999999997
258,13389.930000000002
259,29750.909999999996
260,26887.109999999997
261,16378.3
